Course ID,Tên khóa,Môn,Chương,Folder,Tên bài,Loại video,Video ID,Link tải,Thời lượng,Tài liệu,Ngày cập nhật
xps-hoa-12,2009: KHÓA HỌC KHÓA T: NỀN TẢNG - THẦY PHẠM VĂN TRỌNG,Hóa,HỌC LẠI TỪ ĐẦU,HỌC LẠI TỪ ĐẦU,HỌC LẠI TỪ ĐẦU BUỔI 1,youtube,https://www.youtube.com/watch?v=uFOprLDMT50,,,TÀI LIỆU:https://drive.google.com/file/d/1eCSRmeS0T95XsEqJQazHjsHbYIvwgeRP/view?usp=sharing,6/4/2026
xps-hoa-12,2009: KHÓA HỌC KHÓA T: NỀN TẢNG - THẦY PHẠM VĂN TRỌNG,Hóa,HỌC LẠI TỪ ĐẦU,HỌC LẠI TỪ ĐẦU,HỌC LẠI TỪ ĐẦU BUỔI 2,youtube,https://youtu.be/m_ziPRjg4nI,,,TÀI LIỆU:https://drive.google.com/file/d/1pW4EQr-xqGqX59gdrn7UtIHdm_soEtwG/view,6/4/2026
xps-hoa-12,2009: KHÓA HỌC KHÓA T: NỀN TẢNG - THẦY PHẠM VĂN TRỌNG,Hóa,HỌC LẠI TỪ ĐẦU,HỌC LẠI TỪ ĐẦU,HỌC LẠI TỪ ĐẦU BUỔI 3,youtube,https://youtu.be/ArCDKCY6qhs,,,TÀI LIỆU:https://drive.google.com/file/d/10K5lxMSjgTZ31eLrHSYdUlSKYquv29jB/view,6/4/2026
xps-hoa-12,2009: KHÓA HỌC KHÓA T: NỀN TẢNG - THẦY PHẠM VĂN TRỌNG,Hóa,HỌC LẠI TỪ ĐẦU,HỌC LẠI TỪ ĐẦU,HỌC LẠI TỪ ĐẦU BUỔI 4 P1,youtube,https://youtu.be/dx8PRybt5PM,,,TÀI LIỆU:https://drive.google.com/file/d/1Pv4ZqAlQ_MtWE9551Ny0V0YUG4RJ3lS0/view,6/4/2026
xps-hoa-12,2009: KHÓA HỌC KHÓA T: NỀN TẢNG - THẦY PHẠM VĂN TRỌNG,Hóa,HỌC LẠI TỪ ĐẦU,HỌC LẠI TỪ ĐẦU,HỌC LẠI TỪ ĐẦU BUỔI 4 P2,youtube,https://youtu.be/S1xtWw_Ja6Y,,,TÀI LIỆU:https://drive.google.com/file/d/1Pv4ZqAlQ_MtWE9551Ny0V0YUG4RJ3lS0/view,6/4/2026
xps-hoa-12,2009: KHÓA HỌC KHÓA T: NỀN TẢNG - THẦY PHẠM VĂN TRỌNG,Hóa,HỌC LẠI TỪ ĐẦU,HỌC LẠI TỪ ĐẦU,HỌC LẠI TỪ ĐẦU BUỔI 5 P1,youtube,https://youtu.be/Dht1FaoHIjk,,,TÀI LIỆU:https://drive.google.com/file/d/1DCilPZS2VA2T2V2xpHl5ayIuKzQ0Q993/view?usp=sharing,6/4/2026
xps-hoa-12,2009: KHÓA HỌC KHÓA T: NỀN TẢNG - THẦY PHẠM VĂN TRỌNG,Hóa,HỌC LẠI TỪ ĐẦU,HỌC LẠI TỪ ĐẦU,HỌC LẠI TỪ ĐẦU BUỔI 5 P2,youtube,https://youtu.be/Xv2Q9ddbtdY,,,TÀI LIỆU:https://drive.google.com/file/d/1DCilPZS2VA2T2V2xpHl5ayIuKzQ0Q993/view?usp=sharing,6/4/2026
xps-hoa-12,2009: KHÓA HỌC KHÓA T: NỀN TẢNG - THẦY PHẠM VĂN TRỌNG,Hóa,CHƯƠNG 1 - ESTER,CHƯƠNG 1 - ESTER,TÀI LIỆU TỔNG HỢP CHƯƠNG I,drive,,,,TÀI LIỆU TỔNG HỢP CHƯƠNG I:https://www.google.com/url?q=https://drive.google.com/drive/folders/1mThyfHiaOFuDIvd_ldHTRdwtnx8z3pyb&sa=D&source=editors&ust=1782125464559208&usg=AOvVaw1pQfHBJEYRaZ3Azwh6GD-6,6/3/2026
xps-hoa-12,2009: KHÓA HỌC KHÓA T: NỀN TẢNG - THẦY PHẠM VĂN TRỌNG,Hóa,CHƯƠNG 1 - ESTER,CHƯƠNG 1 - ESTER,Bài giảng 1: Lý thuyết ESTER,youtube,https://youtu.be/c7RgGt-cBQg,,,FILE VIẾT TAY:https://drive.google.com/file/d/1Kr3WzSTgOgKtbvHr0HLYeRd24ovZU97p/view?usp=sharing,6/3/2026
xps-hoa-12,2009: KHÓA HỌC KHÓA T: NỀN TẢNG - THẦY PHẠM VĂN TRỌNG,Hóa,CHƯƠNG 1 - ESTER,CHƯƠNG 1 - ESTER,Bài giảng 2: 100 Câu hỏi chuyên biệt về ESTER,youtube,https://youtu.be/2GxoqovbIuI,,,FILE VIẾT TAY:https://drive.google.com/file/d/1W3CjYMkK4O0oUU8oIiYjrn9LTaT7GkG4/view?usp=sharing|Đề:https://drive.google.com/file/d/1MBQbKBcaKuo_ReN8EnzAQ0O13nFVGGzm/view,6/3/2026
xps-hoa-12,2009: KHÓA HỌC KHÓA T: NỀN TẢNG - THẦY PHẠM VĂN TRỌNG,Hóa,CHƯƠNG 1 - ESTER,CHƯƠNG 1 - ESTER,Bài giảng 3: Chữa bài tập tự luận sách HTCPHHC,youtube,https://youtu.be/RzwnNloeh2E,,,FILE VIẾT TAY:https://drive.google.com/file/d/1MG8q9VxvEuqqAAnk5LW3LjsOCc6nN1Qs/view?usp=sharing|ĐỀ:https://www.google.com/url?q=https://drive.google.com/file/d/1EWuNx6UhPdd1pqdA715pVKRNjsppjSPN/view?usp%3Dsharing&sa=D&source=editors&ust=1782125464561893&usg=AOvVaw08-mmjzQGIm84hY_BbxNuM,6/3/2026
xps-hoa-12,2009: KHÓA HỌC KHÓA T: NỀN TẢNG - THẦY PHẠM VĂN TRỌNG,Hóa,CHƯƠNG 1 - ESTER,CHƯƠNG 1 - ESTER,Bài giảng 4: Chữa bài tập trắc nghiệm và đúng sai sách HTCPHHC,youtube,https://youtu.be/CUSXkRxqBFM,,,FILE VIẾT TAY:https://drive.google.com/file/d/18qt1iHA23xwUbm-_SrI9KaGPkm7cHtRq/view?usp=sharing|ĐỀ:https://www.google.com/url?q=https://drive.google.com/file/d/1EWuNx6UhPdd1pqdA715pVKRNjsppjSPN/view?,6/3/2026
xps-hoa-12,2009: KHÓA HỌC KHÓA T: NỀN TẢNG - THẦY PHẠM VĂN TRỌNG,Hóa,CHƯƠNG 1 - ESTER,CHƯƠNG 1 - ESTER,Bài giảng 5: Các phản ứng quan trọng và biện luận ESTER,youtube,https://youtu.be/-8KZDMQx2Ww,,,FILE VIẾT TAY:https://drive.google.com/file/d/1M6qYhRfUeT_FOT2mZEAzw0qjQcPSLGO8/view?usp=sharing|ĐỀ:https://www.google.com/url?q=https://drive.google.com/file/d/1EWuNx6UhPdd1pqdA715pVKRNjsppjSPN/view?,6/3/2026
xps-hoa-12,2009: KHÓA HỌC KHÓA T: NỀN TẢNG - THẦY PHẠM VĂN TRỌNG,Hóa,CHƯƠNG 1 - ESTER,CHƯƠNG 1 - ESTER,Bài giảng 6: Chữa bài tập trả lời ngắn sách HTCPHHC,youtube,https://youtu.be/ezRi0n2dTow,,,FILE VIẾT TAY:https://drive.google.com/file/d/1DGDisHF6efSlTGJFO0_1KAwmM-ODW8AN/view?usp=sharing|ĐỀ:https://www.google.com/url?q=https://drive.google.com/file/d/1EWuNx6UhPdd1pqdA715pVKRNjsppjSPN/view?,6/3/2026
xps-hoa-12,2009: KHÓA HỌC KHÓA T: NỀN TẢNG - THẦY PHẠM VĂN TRỌNG,Hóa,CHƯƠNG 1 - ESTER,CHƯƠNG 1 - ESTER,"Bài giảng 7: Thí nghiệm thủy phân, điều chế ESTER VDC",youtube,https://youtu.be/gs4-HHPQBtE,,,FILE VIẾT TAY:https://drive.google.com/file/d/1VxwiDH1I8bvGkKL4Hhh2w6n9XpxmwFa4/view?usp=sharing|ĐỀ:https://drive.google.com/file/d/1dV786tTCw4iCJkHXdSAwIe7ASXYgsfr4/view?usp=sharing,6/3/2026
xps-hoa-12,2009: KHÓA HỌC KHÓA T: NỀN TẢNG - THẦY PHẠM VĂN TRỌNG,Hóa,CHƯƠNG 1 - ESTER,CHƯƠNG 1 - ESTER,Bài giảng 8: Bài tập thực tế điều chế ESTER - Phần 1,youtube,https://youtu.be/E-QduT4M1yU,,,FILE VIẾT TAY:https://drive.google.com/file/d/1byex0wgwHLOOHTf55a5yrfl6vbXGLd5V/view?usp=sharing|ĐỀ:https://drive.google.com/file/d/1yaiG-jWjrz16gj3x01a0MifvqMky0XE-/view?usp=sharing,6/3/2026
xps-hoa-12,2009: KHÓA HỌC KHÓA T: NỀN TẢNG - THẦY PHẠM VĂN TRỌNG,Hóa,CHƯƠNG 1 - ESTER,CHƯƠNG 1 - ESTER,Bài giảng 9: Bài tập thực tế điều chế ESTER - Phần 2 (Nâng cao),youtube,https://youtu.be/eYy4V3rWC8U,,,FILE VIẾT TAY:https://drive.google.com/file/d/1jd8Ju7cjNKD9J1s_OHM97W3j22-pbqjj/view?usp=sharing|ĐỀ:https://drive.google.com/file/d/1qASUHr98cv9bi3Ibuxh3kjzF8n92PE5h/view?usp=sharing,6/3/2026
xps-hoa-12,2009: KHÓA HỌC KHÓA T: NỀN TẢNG - THẦY PHẠM VĂN TRỌNG,Hóa,CHƯƠNG 1 - ESTER,CHƯƠNG 1 - ESTER,Bài giảng 10: Bài tập thực tế điều chế ESTER - Phần 3 (Nâng cao),youtube,https://youtu.be/APRhceNWejM,,,FILE VIẾT TAY:https://drive.google.com/file/d/1PeYDb_AFCJdZEXiSQKzBzwtpSxFJsrWf/view?usp=sharing|ĐỀ:https://drive.google.com/file/d/18Sz-YMpcMlLY3cuqQRCX7Uzvj8AthW2q/view?usp=sharing,6/3/2026
xps-hoa-12,2009: KHÓA HỌC KHÓA T: NỀN TẢNG - THẦY PHẠM VĂN TRỌNG,Hóa,CHƯƠNG 1 - ESTER,CHƯƠNG 1 - ESTER,Bài giảng 11: Bài tập sơ đồ biến hóa liên quan đến ESTER,youtube,https://youtu.be/FohZFockuL8,,,FILE VIẾT TAY:https://drive.google.com/file/d/1oIh44oxbS8scHiDuvEjSilO6qQu935oO/view?usp=sharing|ĐỀ:https://drive.google.com/file/d/1gChSkUk0nNNdsfrCrfQJqIlip6UAXgqa/view?usp=sharing,6/3/2026
xps-hoa-12,2009: KHÓA HỌC KHÓA T: NỀN TẢNG - THẦY PHẠM VĂN TRỌNG,Hóa,CHƯƠNG 1 - ESTER,CHƯƠNG 1 - ESTER,Bài giảng 12: Lý thuyết LIPID - Chất béo,youtube,https://youtu.be/k91TkfEqI0A,,,FILE VIẾT TAY:https://drive.google.com/file/d/15UYaWM7lpvyRpB6JiOucwxiktfL37C0X/view?usp=sharing|ĐỀ:https://drive.google.com/file/d/1sX4yhqcATaSyY2-kvHvGNN_TVyzSweQH/view?usp=sharing,6/3/2026
xps-hoa-12,2009: KHÓA HỌC KHÓA T: NỀN TẢNG - THẦY PHẠM VĂN TRỌNG,Hóa,CHƯƠNG 1 - ESTER,CHƯƠNG 1 - ESTER,Bài giảng 13: Chữa bài tập tự luận - Trắc nghiệm Chất béo sách HTCPHHC,youtube,https://youtu.be/_Cvdp48YklU,,,FILE VIẾT TAY:https://drive.google.com/file/d/1ksT0WfWT21pAyZhSy8qBswXJWMESV72-/view?usp=sharing|ĐỀ:https://drive.google.com/file/d/1sX4yhqcATaSyY2-kvHvGNN_TVyzSweQH/view?usp=sharing,6/3/2026
xps-hoa-12,2009: KHÓA HỌC KHÓA T: NỀN TẢNG - THẦY PHẠM VĂN TRỌNG,Hóa,CHƯƠNG 1 - ESTER,CHƯƠNG 1 - ESTER,Bài giảng 14: Chữa bài tập đúng sai - Trả lời ngắn Chất béo sách HTCPHHC,youtube,https://youtu.be/pbGEUOFOYWU,,,FILE VIẾT TAY:https://drive.google.com/file/d/1W7-u708QiXWQDI_pCJPu62BiATqRxJuF/view?usp=sharing|ĐỀ:https://drive.google.com/file/d/1sX4yhqcATaSyY2-kvHvGNN_TVyzSweQH/view?usp=sharing,6/3/2026
xps-hoa-12,2009: KHÓA HỌC KHÓA T: NỀN TẢNG - THẦY PHẠM VĂN TRỌNG,Hóa,CHƯƠNG 1 - ESTER,CHƯƠNG 1 - ESTER,Bài giảng 15: Bài tập VDC chỉ số chất béo,youtube,https://youtu.be/rM3FFXRkCsQ,,,FILE VIẾT TAY:https://drive.google.com/file/d/1jiFh78l2ED7cUMbx5fE7uRNpueocg6FR/view?usp=sharing|ĐỀ:https://drive.google.com/file/d/12VVf3SPsTPMp7cufCBoLz5GpmBCavybh/view?usp=sharing,6/3/2026
xps-hoa-12,2009: KHÓA HỌC KHÓA T: NỀN TẢNG - THẦY PHẠM VĂN TRỌNG,Hóa,CHƯƠNG 1 - ESTER,CHƯƠNG 1 - ESTER,Bài giảng 16: Lý thuyết Xà phòng - Chất giặt rửa,youtube,https://youtu.be/mGyTf72P1so,,,FILE VIẾT TAY:https://drive.google.com/file/d/1ZeSavoEjjl5gthCzKnLS0FSfrACj378W/view?usp=sharing|ĐỀ:https://drive.google.com/file/d/16doMRBc9WE9TTD5b1hfvIbDyD3o3YgKt/view?usp=sharing,6/3/2026
xps-hoa-12,2009: KHÓA HỌC KHÓA T: NỀN TẢNG - THẦY PHẠM VĂN TRỌNG,Hóa,CHƯƠNG 1 - ESTER,CHƯƠNG 1 - ESTER,Bài giảng 17: Chữa bài tập Xà phòng - Chất giặt rửa sách HTCPHHC,youtube,https://youtu.be/XELFsQBixhY,,,FILE VIẾT TAY:https://drive.google.com/file/d/15Zkvhy17hHufVWwDhs-NwCHlaxvB5CqQ/view?usp=sharing|ĐỀ:https://drive.google.com/file/d/16doMRBc9WE9TTD5b1hfvIbDyD3o3YgKt/view?usp=sharing,6/3/2026
xps-hoa-12,2009: KHÓA HỌC KHÓA T: NỀN TẢNG - THẦY PHẠM VĂN TRỌNG,Hóa,CHƯƠNG 1 - ESTER,CHƯƠNG 1 - ESTER,Bài giảng 18: Dạng toán Xà phòng hóa sách HTCPHC,youtube,https://youtu.be/79hNOhxRA-Y,,,FILE VIẾT TAY:https://drive.google.com/file/d/1wGLBXRKYzFeeEfsH_lIRCTD2GE2ZOuqw/view?usp=sharing|ĐỀ:https://drive.google.com/file/d/1Ia-YQB8w86iLvCNVz_wZ2GA-dv_lwIt5/view?usp=sharing,6/3/2026
xps-hoa-12,2009: KHÓA HỌC KHÓA T: NỀN TẢNG - THẦY PHẠM VĂN TRỌNG,Hóa,CHƯƠNG 1 - ESTER,CHƯƠNG 1 - ESTER,Bài giảng 19: Dạng toán điều chế ESTER sách HTCPHC,youtube,https://youtu.be/o7EA8IWQz8I,,,FILE VIẾT TAY:https://drive.google.com/file/d/1J-WfwNn_DDygICee0PxdKWEe49MBYi9o/view?usp=sharing|ĐỀ:https://drive.google.com/file/d/1Ia-YQB8w86iLvCNVz_wZ2GA-dv_lwIt5/view?usp=sharing,6/3/2026
xps-hoa-12,2009: KHÓA HỌC KHÓA T: NỀN TẢNG - THẦY PHẠM VĂN TRỌNG,Hóa,CHƯƠNG 1 - ESTER,CHƯƠNG 1 - ESTER,Bài giảng 20: 100 Câu hỏi chuyên biệt về ESTER số 02,youtube,https://youtu.be/WXW2qt6Rkb8,,,FILE VIẾT TAY:https://drive.google.com/file/d/1MfqDZ60B1dkXPOm21pD9C7SRVO_NTFrh/view?usp=sharing|ĐỀ:https://drive.google.com/file/d/1F5uEEvsHtZO9qDwJs-4wnCUR8whfImZ3/view?usp=sharing,6/3/2026
xps-hoa-12,2009: KHÓA HỌC KHÓA T: NỀN TẢNG - THẦY PHẠM VĂN TRỌNG,Hóa,CHƯƠNG 1 - ESTER,CHƯƠNG 1 - ESTER,Bài giảng 21: Điền đáp án nhanh chủ đề ESTER - LIPID,youtube,https://youtu.be/9e8Mz_nwG70,,,FILE VIẾT TAY:https://drive.google.com/file/d/1oywG0D2vupR_TWvkTAVwrbbusS302hyC/view?usp=sharing|ĐỀ:https://drive.google.com/file/d/1FNr7fmp6FcdMputKeirVxYqucuU-vzsl/view?usp=sharing,6/3/2026
xps-hoa-12,2009: KHÓA HỌC KHÓA T: NỀN TẢNG - THẦY PHẠM VĂN TRỌNG,Hóa,CHƯƠNG 1 - ESTER,CHƯƠNG 1 - ESTER,Bài giảng 22: Đề luyện tập ESTER số 01,youtube,https://youtu.be/sCnnQjUOBpY,,,FILE VIẾT TAY:https://drive.google.com/file/d/156vRZpUPqV2wsuAS4wG1GBdSA-GitvIJ/view?usp=sharing|ĐỀ:https://drive.google.com/file/d/1yJLAwYKd2hhOdh6c_GYgQ40z7T8On2SG/view?usp=sharing,6/3/2026
xps-hoa-12,2009: KHÓA HỌC KHÓA T: NỀN TẢNG - THẦY PHẠM VĂN TRỌNG,Hóa,CHƯƠNG 1 - ESTER,CHƯƠNG 1 - ESTER,Bài giảng 23: Đề luyện tập ESTER số 02,youtube,https://youtu.be/sCnnQjUOBpY,,,FILE VIẾT TAY:https://drive.google.com/file/d/156vRZpUPqV2wsuAS4wG1GBdSA-GitvIJ/view?usp=sharing|ĐỀ:https://drive.google.com/file/d/1x5sI_cTuMckDb8y5pPxri41iowQgII4e/view?usp=sharing,6/3/2026
xps-hoa-12,2009: KHÓA HỌC KHÓA T: NỀN TẢNG - THẦY PHẠM VĂN TRỌNG,Hóa,CHƯƠNG 1 - ESTER,CHƯƠNG 1 - ESTER,Bài giảng 24: Đề luyện tập ESTER số 03,youtube,https://youtu.be/ezr0l_5ZDMo,,,FILE VIẾT TAY:https://drive.google.com/file/d/1ZEgYlsPTadRzIrpV48LuIs5L8WW_wJ_5/view?usp=sharing|ĐỀ:https://drive.google.com/file/d/1fJxyIe-x0Aa9OVWu5BfccRqliCVQzq4B/view?usp=sharing,6/3/2026
xps-hoa-12,2009: KHÓA HỌC KHÓA T: NỀN TẢNG - THẦY PHẠM VĂN TRỌNG,Hóa,CHƯƠNG 1 - ESTER,CHƯƠNG 1 - ESTER,Bài giảng 25: Đề luyện tập ESTER số 04,youtube,https://youtu.be/Vp7crnuLnao,,,FILE VIẾT TAY:https://drive.google.com/file/d/1vA9znMhG6RV4xZbKoLiMs7yUdmzvzFN0/view?usp=sharing|ĐỀ:https://drive.google.com/file/d/1dz7MWmXlGaHB-neWO6QgHb2Bd70QbLLW/view?usp=sharing,6/3/2026
xps-hoa-12,2009: KHÓA HỌC KHÓA T: NỀN TẢNG - THẦY PHẠM VĂN TRỌNG,Hóa,CHƯƠNG 1 - ESTER,CHƯƠNG 1 - ESTER,Bài giảng 26: 68 Câu lý thuyết chuyên biệt ESTER số 01,youtube,https://youtu.be/dVUX69mZ9o0,,,FILE VIẾT TAY:https://drive.google.com/file/d/1PfNH6cHSfUsuBSL7xH3yWpDwExAjlV0m/view?usp=sharing|ĐỀ:https://drive.google.com/file/d/10P-8rYA5SS1zKJiFLuDC4N6jOV4u-YKz/view?usp=sharing,6/3/2026
xps-hoa-12,2009: KHÓA HỌC KHÓA T: NỀN TẢNG - THẦY PHẠM VĂN TRỌNG,Hóa,CHƯƠNG 1 - ESTER,CHƯƠNG 1 - ESTER,Bài giảng 27: 68 Câu lý thuyết chuyên biệt ESTER số 02,youtube,https://youtu.be/ShkOMq0vjrM,,,FILE VIẾT TAY:https://drive.google.com/file/d/1R7X3kULeJVPISPnCMtdK7r4S-XobF_7-/view?usp=sharing|ĐỀ:https://drive.google.com/file/d/1YbWIcfTgICJla7MujiDkOpCUbbgp2Oc4/view?usp=sharing,6/3/2026
xps-hoa-12,2009: KHÓA HỌC KHÓA T: NỀN TẢNG - THẦY PHẠM VĂN TRỌNG,Hóa,CHƯƠNG 1 - ESTER,CHƯƠNG 1 - ESTER,Bài giảng 28: 68 Câu lý thuyết chuyên biệt ESTER số 03,youtube,https://youtu.be/JNg2YhpOpVo,,,FILE VIẾT TAY:https://drive.google.com/file/d/1ehXO3Xet2ULTzkkyqaV3M5MGUK-rsN-v/view?usp=sharing|ĐỀ:https://drive.google.com/file/d/1zXH80Zg5wAcWjCT3Z3t7wgX1jvfNPcHN/view?usp=sharing,6/3/2026
xps-hoa-12,2009: KHÓA HỌC KHÓA T: NỀN TẢNG - THẦY PHẠM VĂN TRỌNG,Hóa,CHƯƠNG 1 - ESTER,CHƯƠNG 1 - ESTER,Bài giảng 29: 68 Câu lý thuyết chuyên biệt ESTER số 04,youtube,https://youtu.be/3mKeaxRXNQg,,,FILE VIẾT TAY:https://drive.google.com/file/d/10js9oXn9rat9u86NB69sB-uKUhCaLD0K/view?usp=sharing|ĐỀ:https://drive.google.com/file/d/1-aiHd0s_iHYxMCJLB5bJfs2P4EYCq9kC/view?usp=sharing,6/3/2026
xps-hoa-12,2009: KHÓA HỌC KHÓA T: NỀN TẢNG - THẦY PHẠM VĂN TRỌNG,Hóa,CHƯƠNG 1 - ESTER,CHƯƠNG 1 - ESTER,Bài giảng 30: Bài tập VDC chỉ số chất béo - Phần 2,youtube,https://youtu.be/HPWesMH5Bc4,,,FILE VIẾT TAY:https://drive.google.com/file/d/1JZYR85fNX-9bgavNNciOPRZdA-yDqEnJ/view?usp=sharing|ĐỀ:https://drive.google.com/file/d/1TGMYkmR66vd_Mon8AZx2rjdgADiGQwm1/view?usp=sharing,6/3/2026
xps-hoa-12,2009: KHÓA HỌC KHÓA T: NỀN TẢNG - THẦY PHẠM VĂN TRỌNG,Hóa,CHƯƠNG 1 - ESTER,CHƯƠNG 1 - ESTER,Bài giảng 31: 68 Câu đúng sai chủ đề ESTER - Chất béo - Chất giặt rửa,youtube,https://youtu.be/dqLtjU-1rIo,,,FILE VIẾT TAY:https://drive.google.com/file/d/1gtCJZED8q6gk65PPwJCRp8nEeTjngd5y/view?usp=sharing|ĐỀ:https://drive.google.com/file/d/1dO5iQQIEQVjrwjmUi9gl2py0STuIocdY/view?usp=sharing,6/3/2026
xps-hoa-12,2009: KHÓA HỌC KHÓA T: NỀN TẢNG - THẦY PHẠM VĂN TRỌNG,Hóa,CHƯƠNG 1 - ESTER,CHƯƠNG 1 - ESTER,Bài giảng 32: Tổng ôn kiến thức cơ bản Chương 1,youtube,https://youtu.be/jpeMVolZEGg,,,FILE VIẾT TAY:https://drive.google.com/file/d/1wLMbwsr63LAXgACz-ae94RWlLmbm1qXM/view?usp=sharing|ĐỀ:https://drive.google.com/file/d/1etBtOUKuSmk1IYLVNcTzIqBOOPOzjyMn/view?usp=sharing,6/3/2026
xps-hoa-12,2009: KHÓA HỌC KHÓA T: NỀN TẢNG - THẦY PHẠM VĂN TRỌNG,Hóa,CHƯƠNG 1 - ESTER,CHƯƠNG 1 - ESTER,Bài giảng 33: Bài tập đúng sai ESTER - Chất béo - Chất giặt rửa - Phần 1,youtube,https://youtu.be/-guMo4XFOxE,,,FILE VIẾT TAY:https://drive.google.com/file/d/1QzQYUhIeOzsivVpVUU9Si_RqcbS3loHQ/view?usp=sharing|ĐỀ:https://drive.google.com/file/d/1i_FKZbFv0qR8czcZxbD-nJhdBzfGaw0v/view?usp=sharing,6/3/2026
xps-hoa-12,2009: KHÓA HỌC KHÓA T: NỀN TẢNG - THẦY PHẠM VĂN TRỌNG,Hóa,CHƯƠNG 1 - ESTER,CHƯƠNG 1 - ESTER,Bài giảng 34: Bài tập đúng sai ESTER - Chất béo - Chất giặt rửa - Phần 2,youtube,,,,ĐỀ:https://drive.google.com/file/d/1stjXPXAqf2rK91RmRcuvcPDw8Ym3N8bY/view?usp=sharing,6/3/2026
xps-hoa-12,2009: KHÓA HỌC KHÓA T: NỀN TẢNG - THẦY PHẠM VĂN TRỌNG,Hóa,CHƯƠNG 1 - ESTER,CHƯƠNG 1 - ESTER,Bài giảng 35: Bài tập đúng sai ESTER - Chất béo - Chất giặt rửa - Phần 3,youtube,,,,ĐỀ:https://drive.google.com/file/d/16nytSuPeNf1iYq2R9KLy8U3-DE6p4u1d/view?usp=sharing,6/3/2026
xps-hoa-12,2009: KHÓA HỌC KHÓA T: NỀN TẢNG - THẦY PHẠM VĂN TRỌNG,Hóa,CHƯƠNG 1 - ESTER,CHƯƠNG 1 - ESTER,Bài giảng 36: 100 Câu hỏi chuyên biệt về ESTER số 03,youtube,,,,ĐỀ:https://drive.google.com/file/d/1eCSRmeS0T95XsEqJQazHjsHbYIvwgeRP/view?usp=sharing,6/4/2026
xps-hoa-12,2009: KHÓA HỌC KHÓA T: NỀN TẢNG - THẦY PHẠM VĂN TRỌNG,Hóa,CHƯƠNG 2 - CARBOHYDRTAE                                   ,CHƯƠNG 2 - CARBOHYDRTAE                                   ,TÀI LIỆU TỔNG HỢP CHƯƠNG II,drive,,,,TÀI LIỆU TỔNG HỢP CHƯƠNG II:https://www.google.com/url?q=https://drive.google.com/drive/folders/13g2OUt94xKBXwj-l3l1mbpRqix_04mVG&sa=D&source=editors&ust=1782125464621336&usg=AOvVaw0axtQ3aauKtcpa5SP4VxT8q=https://drive.google.com/drive/folders/1mThyfHiaOFuDIvd_ldHTRdwtnx8z3pyb&sa=D&source=editors&ust=1782125464559208&usg=AOvVaw1pQfHBJEYRaZ3Azwh6GD-6,6/3/2026
xps-hoa-12,2009: KHÓA HỌC KHÓA T: NỀN TẢNG - THẦY PHẠM VĂN TRỌNG,Hóa,CHƯƠNG 2 - CARBOHYDRTAE                                   ,CHƯƠNG 2 - CARBOHYDRTAE                                   ,Bài giảng 1: Lý thuyết GLUCOSE - FRUCTOSE,youtube,https://youtu.be/qkqIr-jAWRY,,,FILE VIẾT TAY:https://drive.google.com/file/d/1tODQ0zM3rJCeSK78YjjCWjbWmuk5nxni/view?usp=sharing|ĐỀ:https://drive.google.com/file/d/1tODQ0zM3rJCeSK78YjjCWjbWmuk5nxni/view?usp=sharing,6/4/2026
xps-hoa-12,2009: KHÓA HỌC KHÓA T: NỀN TẢNG - THẦY PHẠM VĂN TRỌNG,Hóa,CHƯƠNG 2 - CARBOHYDRTAE                                   ,CHƯƠNG 2 - CARBOHYDRTAE                                   ,Bài giảng 2: Chữa bài tập CĐ1 - GLUCOSE - FRUCTOSE sách HTCPHHC,youtube,https://youtu.be/iXNZpHqdd80,,,FILE VIẾT TAY:https://drive.google.com/file/d/1LS7Vv8bIB1bXY5adU77dvEzm1AnmHhzz/view?usp=sharing|ĐỀ:https://drive.google.com/file/d/1HueCbJGfdzhFcdbDjM305xCyoCopEIcJ/view?usp=sharing,
xps-hoa-12,2009: KHÓA HỌC KHÓA T: NỀN TẢNG - THẦY PHẠM VĂN TRỌNG,Hóa,CHƯƠNG 2 - CARBOHYDRTAE                                   ,CHƯƠNG 2 - CARBOHYDRTAE                                   ,Bài giảng 3: 100 Câu hỏi chuyên biệt về CARBOHYDRATE số 01,youtube,https://youtu.be/Is-2xwudV5g,,,FILE VIẾT TAY:https://drive.google.com/file/d/1QtGryLlAIYKtP42PwktoOGqlP8iaD70w/view?usp=sharing|ĐỀ:https://drive.google.com/file/d/1jvRdADvypeVdTS7GEBbx9zEa3HgdUyww/view?usp=sharing,
xps-hoa-12,2009: KHÓA HỌC KHÓA T: NỀN TẢNG - THẦY PHẠM VĂN TRỌNG,Hóa,CHƯƠNG 2 - CARBOHYDRTAE                                   ,CHƯƠNG 2 - CARBOHYDRTAE                                   ,Bài giảng 4: Lý thuyết SACCHAROSE - MALTOSE,youtube,https://youtu.be/O51SmKbhAQU,,,FILE VIẾT TAY:https://drive.google.com/file/d/1CvfCn6G6xvhqJq6l9TfQPrkSyfRT_ta-/view?usp=sharing|ĐỀ:https://drive.google.com/file/d/1CvfCn6G6xvhqJq6l9TfQPrkSyfRT_ta-/view?usp=sharing,
xps-hoa-12,2009: KHÓA HỌC KHÓA T: NỀN TẢNG - THẦY PHẠM VĂN TRỌNG,Hóa,CHƯƠNG 2 - CARBOHYDRTAE                                   ,CHƯƠNG 2 - CARBOHYDRTAE                                   ,Bài giảng 5: Chữa trắc nghiệm CĐ2 - SACCHAROSE - MALTOSE sách HTCPHHC,youtube,https://youtu.be/pBL8lm0FkMY,,,FILE VIẾT TAY:https://drive.google.com/file/d/125AOZrxuPOTxmodinqY10-mBfTXp7VwB/view?usp=sharing|ĐỀ:https://drive.google.com/file/d/10YzkpS8kjM5sG2EU0t7OYCZlIFsGrgYr/view?usp=sharing,
xps-hoa-12,2009: KHÓA HỌC KHÓA T: NỀN TẢNG - THẦY PHẠM VĂN TRỌNG,Hóa,CHƯƠNG 2 - CARBOHYDRTAE                                   ,CHƯƠNG 2 - CARBOHYDRTAE                                   ,Bài giảng 6: Chữa đúng sai - Trả lời ngắn CĐ2 - SACCHAROSE - MALTOSE sách HTCPHHC,youtube,https://youtu.be/Ma-cGzyy2iA,,,FILE VIẾT TAY:https://drive.google.com/file/d/1TQA85ExPwSLirbgYkL4PFwfLMOaIL5Li/view?usp=sharing|ĐỀ:https://drive.google.com/file/d/10YzkpS8kjM5sG2EU0t7OYCZlIFsGrgYr/view?usp=sharing,
xps-hoa-12,2009: KHÓA HỌC KHÓA T: NỀN TẢNG - THẦY PHẠM VĂN TRỌNG,Hóa,CHƯƠNG 2 - CARBOHYDRTAE                                   ,CHƯƠNG 2 - CARBOHYDRTAE                                   ,Bài giảng 7: 100 Câu hỏi chuyên biệt về CARBOHYDRATE số 02,youtube,https://youtu.be/pPMy2LaK6xQ,,,FILE VIẾT TAY:https://drive.google.com/file/d/1uXh3RXccf2Hv6JsfiXVYHW8VzWT2qNfB/view?usp=sharing|ĐỀ:https://drive.google.com/file/d/1x6U83kctLjOl0ZiBCo-qkpioJCvwjy93/view?usp=sharing,
xps-hoa-12,2009: KHÓA HỌC KHÓA T: NỀN TẢNG - THẦY PHẠM VĂN TRỌNG,Hóa,CHƯƠNG 2 - CARBOHYDRTAE                                   ,CHƯƠNG 2 - CARBOHYDRTAE                                   ,Bài giảng 8: Lý thuyết Tinh bột - Cellulose,youtube,https://youtu.be/JcvIyOFk0IA,,,FILE VIẾT TAY:https://drive.google.com/file/d/1pivoxHX2Ey79ULceSgZ15TtYahikKmdn/view?usp=sharing|ĐỀ:https://drive.google.com/file/d/1pivoxHX2Ey79ULceSgZ15TtYahikKmdn/view?usp=sharing,
xps-hoa-12,2009: KHÓA HỌC KHÓA T: NỀN TẢNG - THẦY PHẠM VĂN TRỌNG,Hóa,CHƯƠNG 2 - CARBOHYDRTAE                                   ,CHƯƠNG 2 - CARBOHYDRTAE                                   ,Bài giảng 9: Chữa bài tập CĐ3 - Tinh bột - Cellulose sách HTCPHHC,youtube,https://youtu.be/NJ_lsXDwnn8,,,FILE VIẾT TAY:https://drive.google.com/file/d/1WwMi3gFNkSTmpuiybfHXaKGXp3Wizfx8/view?usp=sharing|ĐỀ:https://drive.google.com/file/d/1W5qyy7vANBTY53YjD7Ep0Sd2y_UJsTzE/view?usp=sharing,
xps-hoa-12,2009: KHÓA HỌC KHÓA T: NỀN TẢNG - THẦY PHẠM VĂN TRỌNG,Hóa,CHƯƠNG 2 - CARBOHYDRTAE                                   ,CHƯƠNG 2 - CARBOHYDRTAE                                   ,Bài giảng 10: 100 Câu hỏi chuyên biệt về CARBOHYDRATE số 03,youtube,https://youtu.be/ce88WwqUrrk,,,FILE VIẾT TAY:https://drive.google.com/file/d/1X3L6AMwm1RJ1IIEmPrk2r3NIh_nnpNH2/view?usp=sharing|ĐỀ:https://drive.google.com/file/d/1x6U83kctLjOl0ZiBCo-qkpioJCvwjy93/view?usp=sharing,
xps-hoa-12,2009: KHÓA HỌC KHÓA T: NỀN TẢNG - THẦY PHẠM VĂN TRỌNG,Hóa,CHƯƠNG 2 - CARBOHYDRTAE                                   ,CHƯƠNG 2 - CARBOHYDRTAE                                   ,Bài giảng 11: Chữa trắc nghiệm CĐ4 - Dạng toán Chương 2 sách HTCPHHC,youtube,https://youtu.be/LTs4ATa0x5A,,,FILE VIẾT TAY:https://drive.google.com/file/d/1kKJnGgkhu_hpB6icIQBvKebvf861Jm3-/view?usp=sharing|ĐỀ:https://drive.google.com/file/d/174CfiKanv-wbLqh7rfhUcvOx2HNzJDlX/view?usp=sharing,
xps-hoa-12,2009: KHÓA HỌC KHÓA T: NỀN TẢNG - THẦY PHẠM VĂN TRỌNG,Hóa,CHƯƠNG 2 - CARBOHYDRTAE                                   ,CHƯƠNG 2 - CARBOHYDRTAE                                   ,Bài giảng 12: Đề luyện tập CARBOHYDRATE số 01,youtube,https://youtu.be/dJD76GWB0PU,,,FILE VIẾT TAY:https://drive.google.com/file/d/1frRP--t3A46b5-pl_p8vwPcU3BKn5N9L/view?usp=sharing|ĐỀ:https://drive.google.com/file/d/1EyQUQji_milAKFWUXL66iBfMV63d8elp/view?usp=sharing,
xps-hoa-12,2009: KHÓA HỌC KHÓA T: NỀN TẢNG - THẦY PHẠM VĂN TRỌNG,Hóa,CHƯƠNG 2 - CARBOHYDRTAE                                   ,CHƯƠNG 2 - CARBOHYDRTAE                                   ,Bài giảng 13: Đề luyện tập CARBOHYDRATE số 02,youtube,https://youtu.be/dJD76GWB0PU,,,FILE VIẾT TAY:https://drive.google.com/file/d/1frRP--t3A46b5-pl_p8vwPcU3BKn5N9L/view?usp=sharing|ĐỀ:https://drive.google.com/file/d/1y1mmDbUfaZKvDmgS9U-hNkmgrbKTwGnh/view?usp=sharing,
xps-hoa-12,2009: KHÓA HỌC KHÓA T: NỀN TẢNG - THẦY PHẠM VĂN TRỌNG,Hóa,CHƯƠNG 2 - CARBOHYDRTAE                                   ,CHƯƠNG 2 - CARBOHYDRTAE                                   ,Bài giảng 14: Đề luyện tập CARBOHYDRATE số 03,youtube,https://youtu.be/P6OFx1Fnj74,,,FILE VIẾT TAY:https://drive.google.com/file/d/1wIx07IugFS2mrU5gallLvc12GDmLKXZP/view?usp=sharing|ĐỀ:https://drive.google.com/file/d/1AwYHnSni3vZntfOrsyndNcQsa58Vjm67/view?usp=sharing,
xps-hoa-12,2009: KHÓA HỌC KHÓA T: NỀN TẢNG - THẦY PHẠM VĂN TRỌNG,Hóa,CHƯƠNG 2 - CARBOHYDRTAE                                   ,CHƯƠNG 2 - CARBOHYDRTAE                                   ,Bài giảng 15: Đề luyện tập CARBOHYDRATE số 04,youtube,https://youtu.be/P6OFx1Fnj74,,,FILE VIẾT TAY:https://drive.google.com/file/d/1wIx07IugFS2mrU5gallLvc12GDmLKXZP/view?usp=sharing|ĐỀ:https://drive.google.com/file/d/1DbYBfl5VVINwE78iJprtmkbOMEQxzm9S/view?usp=sharing,
xps-hoa-12,2009: KHÓA HỌC KHÓA T: NỀN TẢNG - THẦY PHẠM VĂN TRỌNG,Hóa,CHƯƠNG 2 - CARBOHYDRTAE                                   ,CHƯƠNG 2 - CARBOHYDRTAE                                   ,Bài giảng 16: Bài tập đúng sai CARBOHYDRATE,youtube,,,,|ĐỀ:https://drive.google.com/file/d/1d7pqixxlJ9Gy__IEMvu8WC4ns--emMNC/view?usp=sharing,
xps-hoa-12,2009: KHÓA HỌC KHÓA T: NỀN TẢNG - THẦY PHẠM VĂN TRỌNG,Hóa,CHƯƠNG 2 - CARBOHYDRTAE                                   ,CHƯƠNG 2 - CARBOHYDRTAE                                   ,Bài giảng 17: Dạng toán phản ứng tráng bạc,youtube,,,,|ĐỀ:https://drive.google.com/file/d/1q2MZr-BR4wsiwQqcUaKyHGNGHyB_Ft2q/view?usp=sharing,
xps-hoa-12,2009: KHÓA HỌC KHÓA T: NỀN TẢNG - THẦY PHẠM VĂN TRỌNG,Hóa,CHƯƠNG 2 - CARBOHYDRTAE                                   ,CHƯƠNG 2 - CARBOHYDRTAE                                   ,Bài giảng 18: Dạng toán phản ứng lên men GLUCOSE,youtube,,,,|ĐỀ:https://drive.google.com/file/d/1I9qBVXzzuGCbA-ul-laubug42NqHKlKd/view?usp=sharing,
xps-hoa-12,2009: KHÓA HỌC KHÓA T: NỀN TẢNG - THẦY PHẠM VĂN TRỌNG,Hóa,CHƯƠNG 2 - CARBOHYDRTAE                                   ,CHƯƠNG 2 - CARBOHYDRTAE                                   ,Bài giảng 19: Bài toán vận dụng cao CARBOHYDRATE,youtube,,,,|ĐỀ:https://drive.google.com/file/d/13hAV9D8z0wz4npUQtjckTqiV4ezBWBhp/view?usp=sharing,
xps-hoa-12,2009: KHÓA HỌC KHÓA T: NỀN TẢNG - THẦY PHẠM VĂN TRỌNG,Hóa,CHƯƠNG 2 - CARBOHYDRTAE                                   ,CHƯƠNG 2 - CARBOHYDRTAE                                   ,Bài giảng 20: 68 Câu lý thuyết chuyên biệt về CARBOHYDRATE - Phần 1,youtube,,,,|ĐỀ:https://drive.google.com/file/d/1F3q71TLcwzUKJH1STU60PaixSwF30ZZD/view?usp=sharing,
xps-hoa-12,2009: KHÓA HỌC KHÓA T: NỀN TẢNG - THẦY PHẠM VĂN TRỌNG,Hóa,CHƯƠNG 2 - CARBOHYDRTAE                                   ,CHƯƠNG 2 - CARBOHYDRTAE                                   ,Bài giảng 21: 68 Câu lý thuyết chuyên biệt về CARBOHYDRATE - Phần 2,youtube,,,,|ĐỀ:https://drive.google.com/file/d/12nwioQy52XApLLanc4KsqlvphG1tcD1C/view?usp=sharing,
xps-hoa-12,2009: KHÓA HỌC KHÓA T: NỀN TẢNG - THẦY PHẠM VĂN TRỌNG,Hóa,CHƯƠNG 2 - CARBOHYDRTAE                                   ,CHƯƠNG 2 - CARBOHYDRTAE                                   ,Bài giảng 22: Tổng ôn lý thuyết cơ bản Chương 2,youtube,,,,ĐỀ:https://drive.google.com/file/d/1hX6S0rTPWqo1RjQMVQcEzo2CDsdIG7hy/view?usp%3Dsharing&sa=D&source=editors&ust=1782125464645693&usg=AOvVaw0qggZDPONqCGz9ftm34Z4n,
xps-hoa-12,2009: KHÓA HỌC KHÓA T: NỀN TẢNG - THẦY PHẠM VĂN TRỌNG,Hóa,CHƯƠNG 3 - HỢP CHẤT CỦA NITROGEN                                     ,CHƯƠNG 3 - HỢP CHẤT CỦA NITROGEN                                     ,TÀI LIỆU TỔNG HỢP CHƯƠNG III,drive,,,,TÀI LIỆU TỔNG HỢP CHƯƠNG III:https://www.google.com/url?q=https://drive.google.com/drive/folders/118gESYxryU1a717d5DSZRaVUC5QFN2-t?usp%3Dsharing&sa=D&source=editors&ust=1784715375063827&usg=AOvVaw2HUSDnJHbZsGkvx5pAVEpfl3l1mbpRqix_04mVG&sa=D&source=editors&ust=1782125464621336&usg=AOvVaw0axtQ3aauKtcpa5SP4VxT8q=https://drive.google.com/drive/folders/1mThyfHiaOFuDIvd_ldHTRdwtnx8z3pyb&sa=D&source=editors&ust=1782125464559208&usg=AOvVaw1pQfHBJEYRaZ3Azwh6GD-6,6/3/2026
xps-hoa-12,2009: KHÓA HỌC KHÓA T: NỀN TẢNG - THẦY PHẠM VĂN TRỌNG,Hóa,CHƯƠNG 3 - HỢP CHẤT CỦA NITROGEN                                     ,CHƯƠNG 3 - HỢP CHẤT CỦA NITROGEN                                     ,Bài giảng 1: Lý thuyết AMINE,youtube,https://youtu.be/-bSRWTE-FFQ,,,FILE VIẾT TAY:https://drive.google.com/file/d/1f4tdUZ7xqPSnWhPL5tYm-r8wHf-FpoND/view?usp=sharing,6/4/2026
xps-hoa-12,2009: KHÓA HỌC KHÓA T: NỀN TẢNG - THẦY PHẠM VĂN TRỌNG,Hóa,CHƯƠNG 3 - HỢP CHẤT CỦA NITROGEN                                     ,CHƯƠNG 3 - HỢP CHẤT CỦA NITROGEN                                     ,Bài giảng 2: Chữa bài tập CĐ1 - AMINE sách HTCPHHC,youtube,https://youtu.be/r0G3ElE-00Y,,,FILE VIẾT TAY:https://drive.google.com/file/d/1YC1-ZOTCzCFYK9K6uZedc1O7VAS177IJ/view?usp=sharing|ĐỀ:https://drive.google.com/file/d/1Qh3KxHOV0oeBv2intKrda6mHaoGecOAz/view?usp=sharing,
xps-hoa-12,2009: KHÓA HỌC KHÓA T: NỀN TẢNG - THẦY PHẠM VĂN TRỌNG,Hóa,CHƯƠNG 3 - HỢP CHẤT CỦA NITROGEN                                     ,CHƯƠNG 3 - HỢP CHẤT CỦA NITROGEN                                     ,Bài giảng 3: Lý thuyết AMINO ACID,youtube,https://youtu.be/9sonGDhW_QQ,,,FILE VIẾT TAY:https://drive.google.com/file/d/1XfdDGhOc-USQaymtjBb2c4ZmFilRb9IZ/view?usp=sharing,
xps-hoa-12,2009: KHÓA HỌC KHÓA T: NỀN TẢNG - THẦY PHẠM VĂN TRỌNG,Hóa,CHƯƠNG 3 - HỢP CHẤT CỦA NITROGEN                                     ,CHƯƠNG 3 - HỢP CHẤT CỦA NITROGEN                                     ,Bài giảng 4: Chữa bài tập CĐ2 - AMINO ACID sách HTCPHHC,youtube,https://youtu.be/Gko8r8NMfa0,,,FILE VIẾT TAY:https://drive.google.com/file/d/1zpoYFnLcB1jmyy53VuzYnMhu_8LEzk6i/view?usp=sharing|ĐỀ:https://drive.google.com/file/d/1z-Xkkts2ixN0jDJWhIMY2PLviApH5b6q/view?usp=sharing,
xps-hoa-12,2009: KHÓA HỌC KHÓA T: NỀN TẢNG - THẦY PHẠM VĂN TRỌNG,Hóa,CHƯƠNG 3 - HỢP CHẤT CỦA NITROGEN                                     ,CHƯƠNG 3 - HỢP CHẤT CỦA NITROGEN                                     ,Bài giảng 4: Chữa bài tập CĐ2 - AMINO ACID sách HTCPHHC,youtube,https://youtu.be/HN0xK6z7S-0,,,FILE VIẾT TAY:https://drive.google.com/file/d/1zpoYFnLcB1jmyy53VuzYnMhu_8LEzk6i/view?usp=sharing|ĐỀ:https://drive.google.com/file/d/1z-Xkkts2ixN0jDJWhIMY2PLviApH5b6q/view?usp=sharing,
xps-hoa-12,2009: KHÓA HỌC KHÓA T: NỀN TẢNG - THẦY PHẠM VĂN TRỌNG,Hóa,CHƯƠNG 3 - HỢP CHẤT CỦA NITROGEN                                     ,CHƯƠNG 3 - HỢP CHẤT CỦA NITROGEN                                     ,Bài giảng 5: Lý thuyết PEPTIDE - PROTEIN,youtube,https://youtu.be/Wogz3qhRENU,,,FILE VIẾT TAY:https://drive.google.com/file/d/1_dThRCurDQIpCPedDrXmu4cm1wLSrTQj/view?usp=sharing,
xps-hoa-12,2009: KHÓA HỌC KHÓA T: NỀN TẢNG - THẦY PHẠM VĂN TRỌNG,Hóa,CHƯƠNG 3 - HỢP CHẤT CỦA NITROGEN                                     ,CHƯƠNG 3 - HỢP CHẤT CỦA NITROGEN                                     ,Bài giảng 6: Chữa bài tập CĐ3 - PEPTIDE - PROTEIN sách HTCPHHC,youtube,https://youtu.be/qLR4toxgqvI,,,FILE VIẾT TAY:https://drive.google.com/file/d/1rQMXJUY4KY0NA0aia_p6SQWC5r8oQLDw/view?usp=sharing|ĐỀ:https://drive.google.com/file/d/1qFPnQnU_79BeA0cDV9gdKAz9RKWjDyQd/view?usp=sharing,
xps-hoa-12,2009: KHÓA HỌC KHÓA T: NỀN TẢNG - THẦY PHẠM VĂN TRỌNG,Hóa,CHƯƠNG 3 - HỢP CHẤT CỦA NITROGEN                                     ,CHƯƠNG 3 - HỢP CHẤT CỦA NITROGEN                                     ,Bài giảng 7: Chữa bài tập CĐ4 - Các dạng bài tập sách HTCPHHC,youtube,https://youtu.be/ar2O0vxz510,,,FILE VIẾT TAY:https://drive.google.com/file/d/1kDlxpT1SZL0Yj0-AJKieoyOu8ty1knGs/view?usp=sharing|ĐỀ:https://drive.google.com/file/d/159luBRqumnMa88TYUwBo8NJSrZBJdDOy/view?usp=sharing,
xps-hoa-12,2009: KHÓA HỌC KHÓA T: NỀN TẢNG - THẦY PHẠM VĂN TRỌNG,Hóa,CHƯƠNG 3 - HỢP CHẤT CỦA NITROGEN                                     ,CHƯƠNG 3 - HỢP CHẤT CỦA NITROGEN                                     ,Bài giảng 8: Đề luyện tập Chương 3 số 01,youtube,https://drive.google.com/file/d/1B9QxKhr_-y8_Ael6nEfvoLdeOKyKPJzg/view?usp=drive_link,,,FILE VIẾT TAY:https://drive.google.com/file/d/1_ssMnRMRnZZc_zg6hB7c8NAgcpto7Ba9/view?usp=sharing|ĐỀ:https://drive.google.com/file/d/1FnNjzu8dv7b3iMbkNgUCmixFkqZDhIzp/view?usp=sharing,
xps-hoa-12,2009: KHÓA HỌC KHÓA T: NỀN TẢNG - THẦY PHẠM VĂN TRỌNG,Hóa,CHƯƠNG 3 - HỢP CHẤT CỦA NITROGEN                                     ,CHƯƠNG 3 - HỢP CHẤT CỦA NITROGEN                                     ,Bài giảng 9: Đề luyện tập Chương 3 số 02,youtube,https://drive.google.com/file/d/1B9QxKhr_-y8_Ael6nEfvoLdeOKyKPJzg/view?usp=drive_link,,,FILE VIẾT TAY:https://drive.google.com/file/d/1_ssMnRMRnZZc_zg6hB7c8NAgcpto7Ba9/view?usp=sharing|ĐỀ:https://drive.google.com/file/d/1UPiLT2WjXg3VY5Pa4JfZ-bM0SeRNgD0P/view?usp=sharing,
xps-hoa-12,2009: KHÓA HỌC KHÓA T: NỀN TẢNG - THẦY PHẠM VĂN TRỌNG,Hóa,CHƯƠNG 3 - HỢP CHẤT CỦA NITROGEN                                     ,CHƯƠNG 3 - HỢP CHẤT CỦA NITROGEN                                     ,Bài giảng 10: Đề luyện tập Chương 3 số 03,youtube,https://drive.google.com/file/d/1B9QxKhr_-y8_Ael6nEfvoLdeOKyKPJzg/view?usp=drive_link,,,FILE VIẾT TAY:https://drive.google.com/file/d/1_ssMnRMRnZZc_zg6hB7c8NAgcpto7Ba9/view?usp=sharing|ĐỀ:https://drive.google.com/file/d/138Pf57n54cefQPIEw8ZjASEfsUzvahmV/view?usp=sharing,
xps-hoa-12,2009: KHÓA HỌC KHÓA T: NỀN TẢNG - THẦY PHẠM VĂN TRỌNG,Hóa,CHƯƠNG 3 - HỢP CHẤT CỦA NITROGEN                                     ,CHƯƠNG 3 - HỢP CHẤT CỦA NITROGEN                                     ,Bài giảng 11: Bài tập đúng sai Chương 3 số 01,youtube,https://drive.google.com/file/d/17ZJ36-EoaFrYKmKAwohogUiEKnzKrpAi/view?usp=drive_link,,,FILE VIẾT TAY:https://drive.google.com/file/d/1TL5MCcX0-2dSVwFh0rjIenC7cYU5LhMQ/view?usp=sharing|ĐỀ:https://drive.google.com/file/d/1UTLPAgqI8np-bdrv0q3A1ehlQTVddfnN/view?usp=sharing,
xps-hoa-12,2009: KHÓA HỌC KHÓA T: NỀN TẢNG - THẦY PHẠM VĂN TRỌNG,Hóa,CHƯƠNG 3 - HỢP CHẤT CỦA NITROGEN                                     ,CHƯƠNG 3 - HỢP CHẤT CỦA NITROGEN                                     ,Bài giảng 12: Bài tập đúng sai Chương 3 số 02,youtube,,,,ĐỀ:https://drive.google.com/file/d/17JhWhX_dTXL9ce9yHBIIS08zaTaJTLMt/view?usp=sharing,
xps-hoa-12,2009: KHÓA HỌC KHÓA T: NỀN TẢNG - THẦY PHẠM VĂN TRỌNG,Hóa,CHƯƠNG 3 - HỢP CHẤT CỦA NITROGEN                                     ,CHƯƠNG 3 - HỢP CHẤT CỦA NITROGEN                                     ,Bài giảng 13: Bài tập đúng sai Chương 3 số 03,youtube,,,,ĐỀ:https://drive.google.com/file/d/1EIsk7Z1AqBuQZXnYHevC3eNZdQwEltFl/view?usp=sharing,
xps-hoa-12,2009: KHÓA HỌC KHÓA T: NỀN TẢNG - THẦY PHẠM VĂN TRỌNG,Hóa,CHƯƠNG 3 - HỢP CHẤT CỦA NITROGEN                                     ,CHƯƠNG 3 - HỢP CHẤT CỦA NITROGEN                                     ,Bài giảng 14: 100 Câu hỏi chuyên biệt về Hợp chất Nitrogen số 01,youtube,,,,ĐỀ:https://drive.google.com/file/d/1Q0pt8NnYHpqogzVjwlumImMk1LheNCTI/view?usp=sharing,
xps-hoa-12,2009: KHÓA HỌC KHÓA T: NỀN TẢNG - THẦY PHẠM VĂN TRỌNG,Hóa,CHƯƠNG 3 - HỢP CHẤT CỦA NITROGEN                                     ,CHƯƠNG 3 - HỢP CHẤT CỦA NITROGEN                                     ,Bài giảng 15: 100 Câu hỏi chuyên biệt về Hợp chất Nitrogen số 02,youtube,,,,|ĐỀ:https://drive.google.com/file/d/1K0XXeSfyxHQpGZGxinXUD_ytII7534Uv/view?usp=sharing,
xps-hoa-12,2009: KHÓA HỌC KHÓA T: NỀN TẢNG - THẦY PHẠM VĂN TRỌNG,Hóa,CHƯƠNG 3 - HỢP CHẤT CỦA NITROGEN                                     ,CHƯƠNG 3 - HỢP CHẤT CỦA NITROGEN                                     ,Bài giảng 16: 100 Câu hỏi chuyên biệt về Hợp chất Nitrogen số 03,youtube,,,,|ĐỀ:https://drive.google.com/file/d/1DVQkrRJfJjoh7q-FyOEqTobAgFoJDqgv/view?usp=sharing,
xps-hoa-12,2009: KHÓA HỌC KHÓA T: NỀN TẢNG - THẦY PHẠM VĂN TRỌNG,Hóa,CHƯƠNG 3 - HỢP CHẤT CỦA NITROGEN                                     ,CHƯƠNG 3 - HỢP CHẤT CỦA NITROGEN                                     ,Bài giảng 17: 68 Câu lý thuyết chuyên biệt về Hợp chất Nitrogen số 01,youtube,,,,|ĐỀ:https://drive.google.com/file/d/1ZWhmPApCVejmAlS8atBcGEkPDnnDOxPs/view?usp=sharing,
xps-hoa-12,2009: KHÓA HỌC KHÓA T: NỀN TẢNG - THẦY PHẠM VĂN TRỌNG,Hóa,CHƯƠNG 3 - HỢP CHẤT CỦA NITROGEN                                     ,CHƯƠNG 3 - HỢP CHẤT CỦA NITROGEN                                     ,Bài giảng 18: 68 Câu lý thuyết chuyên biệt về Hợp chất Nitrogen số 02,youtube,,,,|ĐỀ:https://drive.google.com/file/d/1LvMI7lUN_GOI2M3_tIkycDwc5_fIHyRM/view?usp=sharing,
xps-hoa-12,2009: KHÓA HỌC KHÓA T: NỀN TẢNG - THẦY PHẠM VĂN TRỌNG,Hóa,CHƯƠNG 3 - HỢP CHẤT CỦA NITROGEN                                     ,CHƯƠNG 3 - HỢP CHẤT CỦA NITROGEN                                     ,Bài giảng 19: Tổng ôn kiến thức cơ bản Chương 3,youtube,,,,|ĐỀ:https://drive.google.com/file/d/1ziV9V4XyTIE-EkQuzSwj9-NULXDFGq45/view?usp=sharing,
xps-hoa-12,2009: KHÓA HỌC KHÓA T: NỀN TẢNG - THẦY PHẠM VĂN TRỌNG,Hóa,CHƯƠNG 3 - HỢP CHẤT CỦA NITROGEN                                     ,CHƯƠNG 3 - HỢP CHẤT CỦA NITROGEN                                     ,Bài giảng 20: Sách bài tập KNTT Chương 3,youtube,,,,|ĐỀ:https://drive.google.com/file/d/1eelaVxcqCymQ4R6CC1UGFVp4TsmHukkb/view?usp=sharing,
xps-hoa-12,2009: KHÓA HỌC KHÓA T: NỀN TẢNG - THẦY PHẠM VĂN TRỌNG,Hóa,CHƯƠNG 4 - POLYMER                                        ,CHƯƠNG 4 - POLYMER                                        ,TÀI LIỆU TỔNG HỢP CHƯƠNG IV,drive,,,,TÀI LIỆU TỔNG HỢP CHƯƠNG IV:https://www.google.com/url?q=https://drive.google.com/drive/folders/1tFp7x0eL3_ehR74OUuRlNqhElMN1LU_8?usp%3Dsharing&sa=D&source=editors&ust=1784715375082787&usg=AOvVaw1NQvhBlpk9LWxvYMOvCwMz,7/23/2026
xps-hoa-12,2009: KHÓA HỌC KHÓA T: NỀN TẢNG - THẦY PHẠM VĂN TRỌNG,Hóa,CHƯƠNG 4 - POLYMER                                        ,CHƯƠNG 4 - POLYMER                                        ,Bài giảng 1: Full lý thuyết POLYMER,youtube,https://youtu.be/b95omwk3-oU,,,FILE VIẾT TAY:https://drive.google.com/file/d/1qfFKEP0ux3tLHshgeg2_A945Mt9KUSuy/view,7/24/2026
xps-hoa-12,2009: KHÓA HỌC KHÓA T: NỀN TẢNG - THẦY PHẠM VĂN TRỌNG,Hóa,CHƯƠNG 4 - POLYMER                                        ,CHƯƠNG 4 - POLYMER                                        ,Bài giảng 2: Đại cương về POLYMER (Sách HTCPHHC),youtube,https://youtu.be/UXQZBywSA8k,,,,7/25/2026
xps-hoa-12,2009: KHÓA HỌC KHÓA T: NỀN TẢNG - THẦY PHẠM VĂN TRỌNG,Hóa,CHƯƠNG 4 - POLYMER                                        ,CHƯƠNG 4 - POLYMER                                        ,Bài giảng 3: Vật liệu POLYMER (Sách HTCPHHC),youtube,https://youtu.be/bUVEtdo-p2w,,,,7/26/2026